{
  "_fv": 6,
  "_type": "item",
  "definition": {
    "renderType": 0,
    "texture": "bullet",
    "customModelName": "Normal",
    "name": ".357 Bullet",
    "creativeTab": {
      "value": "CUSTOM:FuryFurrysCombatMod"
    },
    "stackSize": 64,
    "enchantability": 0,
    "useDuration": 0,
    "toolType": 1.0,
    "damageCount": 0,
    "destroyAnyBlock": false,
    "stayInGridWhenCrafting": false,
    "enableMeleeDamage": false,
    "damageVsEntity": 0.0,
    "specialInfo": [
      "Used in Pocket Pistol"
    ],
    "hasGlow": false
  }
}