{
  "_fv": 6,
  "_type": "tool",
  "definition": {
    "renderType": 0,
    "texture": "error_on_a_stick",
    "customModelName": "Normal",
    "name": "Error On A stick",
    "creativeTab": {
      "value": "CUSTOM:FuryFurrysCombatMod"
    },
    "toolType": "MultiTool",
    "harvestLevel": 1,
    "efficiency": 6.5,
    "attackSpeed": 1.0,
    "enchantability": 2,
    "damageVsEntity": 4.199999999999999,
    "usageCount": 100,
    "blocksAffected": [],
    "hasGlow": false,
    "repairItems": []
  }
}