{
  "_fv": 6,
  "_type": "gun",
  "definition": {
    "renderType": 0,
    "texture": "pocketpistol",
    "customModelName": "Normal",
    "name": "Pocketgun",
    "creativeTab": {
      "value": "CUSTOM:FuryFurrysCombatMod"
    },
    "stackSize": 1,
    "ammoItem": {
      "value": "CUSTOM:Ammo"
    },
    "shootConstantly": false,
    "usageCount": 100,
    "actionSound": {
      "value": "entity.arrow.shoot"
    },
    "hasGlow": false,
    "enableMeleeDamage": false,
    "damageVsEntity": 0.0,
    "bulletPower": 4.0,
    "bulletDamage": 5.699999999999999,
    "bulletKnockback": 19,
    "bulletParticles": false,
    "bulletIgnitesFire": false,
    "bulletItemTexture": {
      "value": "CUSTOM:Ammo"
    },
    "bulletModel": "Default",
    "customBulletModelTexture": "bulletshot.png"
  }
}